-- 1. Insert 100 authors
INSERT INTO author(author_name) VALUES
('Alice Johnson'), ('Ben Smith'), ('Cara Davis'), ('David Lee'), ('Eva Martinez'),
('Frank Harris'), ('Grace Kim'), ('Henry Wilson'), ('Isla Moore'), ('Jack Brown'),
('Kara Young'), ('Liam Scott'), ('Mia Clark'), ('Noah Lewis'), ('Olivia Walker'),
('Paul Allen'), ('Quinn Turner'), ('Rachel Hill'), ('Sam Green'), ('Tina Adams'),
('Uma Nelson'), ('Victor Carter'), ('Wendy Price'), ('Xander Morgan'), ('Yara Bell'),
('Zane Murphy'), ('Adam Reed'), ('Bella Foster'), ('Caleb Cox'), ('Diana Bailey'),
('Ethan Perry'), ('Fiona Cooper'), ('George Watson'), ('Hannah Brooks'), ('Ian Gray'),
('Jade Wood'), ('Kyle Hughes'), ('Laura Sanders'), ('Mason Ross'), ('Nina Kelly'),
('Owen Jenkins'), ('Paula Bryant'), ('Quentin Russell'), ('Rita Simmons'), ('Sean Bryant'),
('Tara Howard'), ('Ulysses Knight'), ('Vera Willis'), ('Will Turner'), ('Ximena Butler'),
('Yusuf Reed'), ('Zoey Bennett'), ('Aaron Foster'), ('Bianca Kelly'), ('Cameron Reed'),
('Delilah Grant'), ('Eli Long'), ('Faith Spencer'), ('Gavin Hughes'), ('Hailey Cox'),
('Isaac Fisher'), ('Jenna Price'), ('Kevin Barnes'), ('Lila Bryant'), ('Marcus Turner'),
('Natalie Simmons'), ('Omar Ward'), ('Penny Ross'), ('Quincy Morgan'), ('Rose Mitchell'),
('Steven Kelly'), ('Tessa Knight'), ('Ulrich Ford'), ('Vanessa Hayes'), ('Walter Hayes'),
('Xena Crawford'), ('Yosef Burke'), ('Zara James'), ('Alexis Carter'), ('Brandon Wells'),
('Charlotte Hunt'), ('Derek Ross'), ('Elena Grant'), ('Felix Ward'), ('Giselle Brooks'),
('Harold Morris'), ('Ivy Wallace'), ('Jonah Bryant'), ('Kylie Morgan'), ('Leo Palmer'),
('Maya Watts'), ('Neil Howard'), ('Olga Grant'), ('Peter Brooks'), ('Quinn Bell'),
('Rebecca Shaw'), ('Simon Foster'), ('Tracy Carter'), ('Uriel Ward'), ('Valerie King');

-- 2. Insert 100 books
INSERT INTO book(isbn, book_status, publisher_id, type_id, book_title, edition, year_published) VALUES
('978-0-000001-00-1', 1, 1, 1, 'The Algorithm of Love', 1, 2020),
('978-0-000002-00-2', 1, 2, 2, 'Coding in the Wild', 1, 2019),
('978-0-000003-00-3', 1, 3, 3, 'Binary Dreams', 1, 2021),
('978-0-000004-00-4', 1, 4, 4, 'Life of a Compiler', 1, 2018),
('978-0-000005-00-5', 1, 5, 5, 'Lo-Fi Evenings', 1, 2022),
('978-0-000006-00-6', 1, 6, 6, 'Grace Hopper: Code Whisperer', 1, 2016),
('978-0-000007-00-7', 1, 7, 7, 'Lord of the Strings', 1, 2023),
('978-0-000008-00-8', 1, 8, 1, 'Concurrency and Coffee', 1, 2021),
('978-0-000009-00-9', 1, 9, 2, 'Flutter by Night', 1, 2020),
('978-0-000010-00-0', 1, 10, 3, 'The Dev Who Lived', 1, 2019),

('978-0-000011-00-1', 1, 1, 4, 'Debugging Zen', 1, 2022),
('978-0-000012-00-2', 1, 2, 5, 'Data Streams and Dreams', 1, 2017),
('978-0-000013-00-3', 1, 3, 6, 'Quantum Coding', 1, 2021),
('978-0-000014-00-4', 1, 4, 7, 'Epic Saga of Software', 1, 2019),
('978-0-000015-00-5', 1, 5, 1, 'Hackers at Dawn', 1, 2020),
('978-0-000016-00-6', 1, 6, 2, 'Machine Learning Myths', 1, 2021),
('978-0-000017-00-7', 1, 7, 3, 'Parallel Worlds', 1, 2018),
('978-0-000018-00-8', 1, 8, 4, 'Code & Coffee', 1, 2022),
('978-0-000019-00-9', 1, 9, 5, 'The Debugger''s Diary', 1, 2019),
('978-0-000020-00-0', 1, 10, 6, 'AI and the Future', 1, 2023),

('978-0-000021-00-1', 1, 1, 7, 'The Last Commit', 1, 2018),
('978-0-000022-00-2', 1, 2, 1, 'Secrets of Syntax', 1, 2020),
('978-0-000023-00-3', 1, 3, 2, 'The Recursive Path', 1, 2021),
('978-0-000024-00-4', 1, 4, 3, 'Debugging in the Dark', 1, 2019),
('978-0-000025-00-5', 1, 5, 4, 'Version Control Vortex', 1, 2022),
('978-0-000026-00-6', 1, 6, 5, 'Code Refactorings', 1, 2017),
('978-0-000027-00-7', 1, 7, 6, 'The Hacker''s Cookbook', 1, 2020),
('978-0-000028-00-8', 1, 8, 7, 'Syntax Trees and You', 1, 2021),
('978-0-000029-00-9', 1, 9, 1, 'Algorithms Unchained', 1, 2019),
('978-0-000030-00-0', 1, 10, 2, 'The Programmer''s Odyssey', 1, 2023),

('978-0-000031-00-1', 1, 1, 3, 'Cloud Chronicles', 1, 2018),
('978-0-000032-00-2', 1, 2, 4, 'Byte Me', 1, 2020),
('978-0-000033-00-3', 1, 3, 5, 'Loops and Legends', 1, 2021),
('978-0-000034-00-4', 1, 4, 6, 'Debug Mode On', 1, 2019),
('978-0-000035-00-5', 1, 5, 7, 'Secrets of the Stack', 1, 2022),
('978-0-000036-00-6', 1, 6, 1, 'The Code Runner', 1, 2017),
('978-0-000037-00-7', 1, 7, 2, 'Programmer''s Paradise', 1, 2020),
('978-0-000038-00-8', 1, 8, 3, 'Logic Gates and Lies', 1, 2021),
('978-0-000039-00-9', 1, 9, 4, 'Bit by Bit', 1, 2019),
('978-0-000040-00-0', 1, 10, 5, 'The Code Whisperer', 1, 2023),

('978-0-000041-00-1', 1, 1, 6, 'Scripts of the Ancients', 1, 2018),
('978-0-000042-00-2', 1, 2, 7, 'Memory Lane', 1, 2020),
('978-0-000043-00-3', 1, 3, 1, 'Binary Hearts', 1, 2021),
('978-0-000044-00-4', 1, 4, 2, 'Recursive Romance', 1, 2019),
('978-0-000045-00-5', 1, 5, 3, 'Compiler’s Quest', 1, 2022),
('978-0-000046-00-6', 1, 6, 4, 'Function Junction', 1, 2017),
('978-0-000047-00-7', 1, 7, 5, 'Stack Overflow', 1, 2020),
('978-0-000048-00-8', 1, 8, 6, 'Bugged Out', 1, 2021),
('978-0-000049-00-9', 1, 9, 7, 'The Source Code', 1, 2019),
('978-0-000050-00-0', 1, 10, 1, 'Code Black', 1, 2023),

('978-0-000051-00-1', 1, 1, 2, 'The Debugger’s Apprentice', 1, 2018),
('978-0-000052-00-2', 1, 2, 3, 'Loops of Eternity', 1, 2020),
('978-0-000053-00-3', 1, 3, 4, 'Binary Sunset', 1, 2021),
('978-0-000054-00-4', 1, 4, 5, 'The Codebreakers', 1, 2019),
('978-0-000055-00-5', 1, 5, 6, 'Secrets in Syntax', 1, 2022),
('978-0-000056-00-6', 1, 6, 7, 'Algorithmic Love', 1, 2017),
('978-0-000057-00-7', 1, 7, 1, 'The Compiler’s Tale', 1, 2020),
('978-0-000058-00-8', 1, 8, 2, 'Debugging the Matrix', 1, 2021),
('978-0-000059-00-9', 1, 9, 3, 'Code & Chaos', 1, 2019),
('978-0-000060-00-0', 1, 10, 4, 'Binary Logic', 1, 2023),

('978-0-000061-00-1', 1, 1, 5, 'The Quantum Coder', 1, 2018),
('978-0-000062-00-2', 1, 2, 6, 'Programming Phoenix', 1, 2020),
('978-0-000063-00-3', 1, 3, 7, 'Syntax Error', 1, 2021),
('978-0-000064-00-4', 1, 4, 1, 'The Hacker’s Guide', 1, 2019),
('978-0-000065-00-5', 1, 5, 2, 'Coding Odyssey', 1, 2022),
('978-0-000066-00-6', 1, 6, 3, 'Debugging Demons', 1, 2017),
('978-0-000067-00-7', 1, 7, 4, 'Logic & Lies', 1, 2020),
('978-0-000068-00-8', 1, 8, 5, 'The Last Loop', 1, 2021),
('978-0-000069-00-9', 1, 9, 6, 'Programming Paradise', 1, 2019),
('978-0-000070-00-0', 1, 10, 7, 'Code Chronicles', 1, 2023),

('978-0-000071-00-1', 1, 1, 1, 'Binary Ballads', 1, 2018),
('978-0-000072-00-2', 1, 2, 2, 'Code Runner', 1, 2020),
('978-0-000073-00-3', 1, 3, 3, 'Debug Mode', 1, 2021),
('978-0-000074-00-4', 1, 4, 4, 'Stack Stories', 1, 2019),
('978-0-000075-00-5', 1, 5, 5, 'Programming Paladin', 1, 2022),
('978-0-000076-00-6', 1, 6, 6, 'Loops and Legends', 1, 2017),
('978-0-000077-00-7', 1, 7, 7, 'Algorithmic Hearts', 1, 2020),
('978-0-000078-00-8', 1, 8, 1, 'Coding Dawn', 1, 2021),
('978-0-000079-00-9', 1, 9, 2, 'Debugging Dawn', 1, 2019),
('978-0-000080-00-0', 1, 10, 3, 'The Code Quest', 1, 2023);

-- 3. Link books to genres
INSERT INTO book_genre(genre_id, isbn) VALUES
(1, '978-0-000001-00-1'), (2, '978-0-000002-00-2'), (3, '978-0-000003-00-3'), (4, '978-0-000004-00-4'), (5, '978-0-000005-00-5'),
(6, '978-0-000006-00-6'), (7, '978-0-000007-00-7'), (1, '978-0-000008-00-8'), (2, '978-0-000009-00-9'), (3, '978-0-000010-00-0'),

(4, '978-0-000011-00-1'), (5, '978-0-000012-00-2'), (6, '978-0-000013-00-3'), (7, '978-0-000014-00-4'), (1, '978-0-000015-00-5'),
(2, '978-0-000016-00-6'), (3, '978-0-000017-00-7'), (4, '978-0-000018-00-8'), (5, '978-0-000019-00-9'), (6, '978-0-000020-00-0'),

(7, '978-0-000021-00-1'), (1, '978-0-000022-00-2'), (2, '978-0-000023-00-3'), (3, '978-0-000024-00-4'), (4, '978-0-000025-00-5'),
(5, '978-0-000026-00-6'), (6, '978-0-000027-00-7'), (7, '978-0-000028-00-8'), (1, '978-0-000029-00-9'), (2, '978-0-000030-00-0'),

(3, '978-0-000031-00-1'), (4, '978-0-000032-00-2'), (5, '978-0-000033-00-3'), (6, '978-0-000034-00-4'), (7, '978-0-000035-00-5'),
(1, '978-0-000036-00-6'), (2, '978-0-000037-00-7'), (3, '978-0-000038-00-8'), (4, '978-0-000039-00-9'), (5, '978-0-000040-00-0'),

(6, '978-0-000041-00-1'), (7, '978-0-000042-00-2'), (1, '978-0-000043-00-3'), (2, '978-0-000044-00-4'), (3, '978-0-000045-00-5'),
(4, '978-0-000046-00-6'), (5, '978-0-000047-00-7'), (6, '978-0-000048-00-8'), (7, '978-0-000049-00-9'), (1, '978-0-000050-00-0'),

(2, '978-0-000051-00-1'), (3, '978-0-000052-00-2'), (4, '978-0-000053-00-3'), (5, '978-0-000054-00-4'), (
